OBJECTID,ID,NAME,ADDRESS,CITY,STATE,ZIP,ZIP4,TELEPHONE,TYPE,STATUS,POPULATION,COUNTY,COUNTYFIPS,COUNTRY,LATITUDE,LONGITUDE,NAICS_CODE,NAICS_DESC,SOURCE,SOURCEDATE,VAL_METHOD,VAL_DATE,WEBSITE,STATE_ID,ALT_NAME,ST_FIPS,OWNER,TTL_STAFF,BEDS,TRAUMA,HELIPAD,x,y,geometry,TRAUMA_LEVEL,HAS_TRAUMA,ER_CAPACITY,SERVICE_RADIUS_KM
12457,15010456,BRONXCARE HOSPITAL CENTER,1276 FULTON AVENUE,BRONX,NY,10456,NOT AVAILABLE,(718) 901-8800,PSYCHIATRIC,OPEN,170,BRONX,36005,USA,40.83171479,-73.90405698,622110,GENERAL MEDICAL AND SURGICAL HOSPITALS,https://profiles.health.ny.gov/hospital/alpha,4/19/2024 12:00:00 AM,IMAGERY,2/10/2014 12:00:00 AM,NOT AVAILABLE,7000001H,BRONXCARE HEALTH SYSTEM,36,NON-PROFIT,-999,170,NOT AVAILABLE,0,-8226961.99057067,4987551.23229569,POINT (-73.90405698 40.83171479),NOT AVAILABLE,0,8,2.51
12458,15210036,JACOBI MEDICAL CENTER,1400 PELHAM PARKWAY,BRONX,NY,10461,NOT AVAILABLE,(718) 918-5000,GENERAL ACUTE CARE,OPEN,457,BRONX,36005,USA,40.85629836,-73.8475121499999,622110,GENERAL MEDICAL AND SURGICAL HOSPITALS,https://profiles.health.ny.gov/hospital/alpha,4/19/2024 12:00:00 AM,IMAGERY,2/10/2014 12:00:00 AM,NOT AVAILABLE,7000002H,NEW YORK CITY HEALTH AND HOSPITAL CORPORATION,36,GOVERNMENT - LOCAL,-999,457,LEVEL I,1,-8220667.44888808,4991168.75508582,POINT (-73.8475121499999 40.85629836),LEVEL 1,1,89,6.371
12459,118510466,MONTEFIORE MEDICAL CENTER - WAKEFIELD HOSPITAL,600 EAST 233RD STREET,BRONX,NY,10466,NOT AVAILABLE,(718) 920-9000,GENERAL ACUTE CARE,OPEN,321,BRONX,36005,USA,40.8936971700001,-73.8611911899999,622110,GENERAL MEDICAL AND SURGICAL HOSPITALS,https://profiles.health.ny.gov/hospital/alpha,4/19/2024 12:00:00 AM,IMAGERY/OTHER,5/12/2015 12:00:00 AM,http://www.montefiore.org/,7000006H,MONTEFIORE MEDICAL CENTER,36,NON-PROFIT,-999,321,NOT AVAILABLE,0,-8222190.19265542,4996674.64233575,POINT (-73.8611911899999 40.8936971700001),NOT AVAILABLE,0,48,2.963
12460,15310466,MONTEFIORE MEDICAL CENTER - HENRY AND LUCY MOSES DIV,111 EAST 210TH STREET,BRONX,NY,10467,NOT AVAILABLE,(718) 920-2001,GENERAL ACUTE CARE,OPEN,816,BRONX,36005,USA,40.8800792600001,-73.8798267,622110,GENERAL MEDICAL AND SURGICAL HOSPITALS,https://profiles.health.ny.gov/hospital/alpha,4/19/2024 12:00:00 AM,IMAGERY,2/10/2014 12:00:00 AM,NOT AVAILABLE,7000006H,MONTEFIORE MEDICAL CENTER,36,NON-PROFIT,-999,816,NOT AVAILABLE,0,-8224264.68813929,4994669.44096911,POINT (-73.8798267 40.8800792600001),NOT AVAILABLE,0,122,4.448
12461,15710451,LINCOLN MEDICAL AND MENTAL HEALTH CENTER,234 EAST 149TH STREET,BRONX,NY,10451,NOT AVAILABLE,(718) 579-5700,GENERAL ACUTE CARE,OPEN,362,BRONX,36005,USA,40.8160855,-73.9247761999999,622110,GENERAL MEDICAL AND SURGICAL HOSPITALS,https://profiles.health.ny.gov/hospital/alpha,4/19/2024 12:00:00 AM,IMAGERY/OTHER,2/28/2022 12:00:00 AM,NOT AVAILABLE,7000008H,NEW YORK CITY HEALTH AND HOSPITAL CORPORATION,36,GOVERNMENT - LOCAL,-999,362,LEVEL I,0,-8229268.4435907,4985252.04759915,POINT (-73.9247761999999 40.8160855),LEVEL 1,1,70,5.086
12462,15510461,CALVARY HOSPITAL INC,1740-70 EASTCHESTER ROAD,BRONX,NY,10461,NOT AVAILABLE,(718) 518-2244,GENERAL ACUTE CARE,OPEN,200,BRONX,36005,USA,40.8479898900001,-73.84394163,622310,SPECIALTY (EXCEPT PSYCHIATRIC AND SUBSTANCE ABUSE) HOSPITALS,https://profiles.health.ny.gov/hospital/alpha,4/19/2024 12:00:00 AM,IMAGERY,2/10/2014 12:00:00 AM,NOT AVAILABLE,7000011H,CALVARY HOSPITAL INC.,36,NON-PROFIT,-999,200,NOT AVAILABLE,0,-8220269.98041981,4989945.99654193,POINT (-73.84394163 40.8479898900001),NOT AVAILABLE,0,30,2.6
12463,116910457,SBH HEALTH SYSTEM,4422 THIRD AVENUE,BRONX,NY,10457,NOT AVAILABLE,(718) 960-6100,GENERAL ACUTE CARE,OPEN,422,BRONX,36005,USA,40.8526890100001,-73.89136288,622110,GENERAL MEDICAL AND SURGICAL HOSPITALS,https://profiles.health.ny.gov/hospital/alpha,4/19/2024 12:00:00 AM,IMAGERY/OTHER,2/11/2015 12:00:00 AM,NOT AVAILABLE,7000014H,ST BARNABAS HOSPITAL INC,36,NON-PROFIT,-999,422,LEVEL II,0,-8225548.88982259,4990637.54776867,POINT (-73.89136288 40.8526890100001),LEVEL 2,1,82,5.266
12464,114210457,BRONXCARE HOSPITAL CENTER,1650 GRAND CONCOURSE,BRONX,NY,10457,NOT AVAILABLE,(718) 901-8800,GENERAL ACUTE CARE,OPEN,415,BRONX,36005,USA,40.8434925500001,-73.91114695,622110,GENERAL MEDICAL AND SURGICAL HOSPITALS,https://profiles.health.ny.gov/hospital/alpha,4/19/2024 12:00:00 AM,IMAGERY/OTHER,2/11/2015 12:00:00 AM,NOT AVAILABLE,7000001H,BRONXCARE HEALTH SYSTEM,36,NON-PROFIT,-999,415,NOT AVAILABLE,0,-8227751.24242081,4989284.18641893,POINT (-73.91114695 40.8434925500001),NOT AVAILABLE,0,62,3.245
12465,16310461,MONTEFIORE MEDICAL CENTER - MONTEFIORE WESTCHESTER SQUARE,2475 ST RAYMOND AVENUE,BRONX,NY,10461,NOT AVAILABLE,(718) 430-7359,GENERAL ACUTE CARE,CLOSED,-999,BRONX,36005,USA,40.8407431100001,-73.84851753,622110,GENERAL MEDICAL AND SURGICAL HOSPITALS,https://health.data.ny.gov/health/health-facility-general-information/vn5v-hh5r,10/11/2021 12:00:00 AM,IMAGERY/OTHER,2/10/2014 12:00:00 AM,http://www.montefiore.org/westchestersquare,7000006H,MONTEFIORE MEDICAL CENTER,36,NON-PROFIT,-999,1,NOT AVAILABLE,0,-8220779.36727773,4988879.61221619,POINT (-73.84851753 40.8407431100001),NOT AVAILABLE,0,5,2.003
12466,15610467,NORTH CENTRAL BRONX HOSPITAL,3424 KOSSUTH AVENUE AND 210TH STREET,BRONX,NY,10467,NOT AVAILABLE,(718) 519-3500,GENERAL ACUTE CARE,OPEN,213,BRONX,36005,USA,40.8803656000001,-73.88105711,622110,GENERAL MEDICAL AND SURGICAL HOSPITALS,https://profiles.health.ny.gov/hospital/alpha,4/19/2024 12:00:00 AM,IMAGERY/OTHER,1/2/2014 12:00:00 AM,NOT AVAILABLE,7000002H,NEW YORK CITY HEALTH AND HOSPITAL CORPORATION,36,GOVERNMENT - LOCAL,-999,213,NOT AVAILABLE,0,-8224401.65675396,4994711.59953305,POINT (-73.88105711 40.8803656000001),NOT AVAILABLE,0,31,2.6390000000000002
12467,16111212,BROOKDALE HOSPITAL MEDICAL CENTER,1 BROOKDALE PLAZA,BROOKLYN,NY,11212,3139,(718) 240-5276,GENERAL ACUTE CARE,OPEN,530,KINGS,36047,USA,40.6552691000001,-73.91255653,622110,GENERAL MEDICAL AND SURGICAL HOSPITALS,https://profiles.health.ny.gov/hospital/alpha,4/19/2024 12:00:00 AM,IMAGERY,2/10/2014 12:00:00 AM,http://www.brookdalehospital.org,7001002H,THE BROOKDALE HOSPITAL MEDICAL CENTER,36,NON-PROFIT,-999,530,LEVEL II,0,-8227908.15614864,4961626.14077203,POINT (-73.91255653 40.6552691000001),LEVEL 2,1,103,5.59
12468,16211201,BROOKLYN HOSPITAL CENTER - DOWNTOWN CAMPUS,121 DEKALB AVENUE,BROOKLYN,NY,11201,NOT AVAILABLE,(718) 250-8000,GENERAL ACUTE CARE,OPEN,464,KINGS,36047,USA,40.69057251,-73.9778837599999,622110,GENERAL MEDICAL AND SURGICAL HOSPITALS,https://profiles.health.ny.gov/hospital/alpha,4/19/2024 12:00:00 AM,IMAGERY,2/10/2014 12:00:00 AM,NOT AVAILABLE,7001003H,THE BROOKLYN HOSPITAL CENTER,36,NON-PROFIT,-999,464,NOT AVAILABLE,0,-8235180.35012718,4966807.75711491,POINT (-73.9778837599999 40.69057251),NOT AVAILABLE,0,69,3.3920000000000003
12469,16511229,"NEW YORK COMMUNITY HOSPITAL OF BROOKLYN, INC",2525 KINGS HIGHWAY,BROOKLYN,NY,11229,NOT AVAILABLE,(718) 692-5300,GENERAL ACUTE CARE,OPEN,134,KINGS,36047,USA,40.61377099,-73.9487107799999,622110,GENERAL MEDICAL AND SURGICAL HOSPITALS,https://profiles.health.ny.gov/hospital/alpha,4/19/2024 12:00:00 AM,IMAGERY/OTHER,2/10/2014 12:00:00 AM,http://www.nych.com,7001008H,"NEW YORK COMMUNITY HOSPITAL OF BROOKLYN,INC",36,NON-PROFIT,-999,134,NOT AVAILABLE,0,-8231932.82884865,4955538.80905954,POINT (-73.9487107799999 40.61377099),NOT AVAILABLE,0,20,2.402
12470,16611235,CONEY ISLAND HOSPITAL,2601 OCEAN PARKWAY,BROOKLYN,NY,11235,NOT AVAILABLE,(718) 616-3000,GENERAL ACUTE CARE,OPEN,371,KINGS,36047,USA,40.58541438,-73.96533243,622110,GENERAL MEDICAL AND SURGICAL HOSPITALS,https://profiles.health.ny.gov/hospital/alpha,4/19/2024 12:00:00 AM,IMAGERY,1/2/2014 12:00:00 AM,http://www.nyc.gov/html/hhc/html/facilities/coneyisland.shtml,7001009H,NEW YORK CITY HEALTH AND HOSPITAL CORPORATION,36,GOVERNMENT - LOCAL,-999,371,NOT AVAILABLE,0,-8233783.1424628,4951381.36994494,POINT (-73.96533243 40.58541438),NOT AVAILABLE,0,55,3.113
12471,16411203,KINGS COUNTY HOSPITAL CENTER,451 CLARKSON AVENUE,BROOKLYN,NY,11203,NOT AVAILABLE,(718) 245-3901,GENERAL ACUTE CARE,OPEN,624,KINGS,36047,USA,40.6566163800001,-73.94469079,622110,GENERAL MEDICAL AND SURGICAL HOSPITALS,https://profiles.health.ny.gov/hospital/alpha,4/19/2024 12:00:00 AM,IMAGERY/OTHER,1/3/2014 12:00:00 AM,NOT AVAILABLE,7001016H,NEW YORK CITY HEALTH AND HOSPITAL CORPORATION,36,GOVERNMENT - LOCAL,-999,624,LEVEL I,0,-8231485.32560886,4961823.83586511,POINT (-73.94469079 40.6566163800001),LEVEL 1,1,121,5.872
12472,16911209,NYU LANGONE HOSPITAL - BROOKLYN,150 55TH STREET,BROOKLYN,NY,11220,NOT AVAILABLE,(718) 630-7300,GENERAL ACUTE CARE,OPEN,444,KINGS,36047,USA,40.646376552,-74.0205798169999,622110,GENERAL MEDICAL AND SURGICAL HOSPITALS,https://profiles.health.ny.gov/hospital/alpha,4/19/2024 12:00:00 AM,IMAGERY/OTHER,2/10/2014 12:00:00 AM,NOT AVAILABLE,7002053H,NYU LANGONE HOSPITALS,36,NON-PROFIT,-999,444,LEVEL I,0,-8239933.2534513,4960321.37991064,POINT (-74.0205798169999 40.646376552),LEVEL 1,1,86,5.332
12473,16811219,MAIMONIDES MEDICAL CENTER,4802 TENTH AVENUE,BROOKLYN,NY,11219,NOT AVAILABLE,(718) 283-6000,GENERAL ACUTE CARE,OPEN,711,KINGS,36047,USA,40.6394788800001,-73.99845264,622110,GENERAL MEDICAL AND SURGICAL HOSPITALS,https://profiles.health.ny.gov/hospital/alpha,4/19/2024 12:00:00 AM,IMAGERY,2/10/2014 12:00:00 AM,NOT AVAILABLE,7001020H,MAIMONIDES MEDICAL CENTER,36,NON-PROFIT,-999,711,LEVEL I,0,-8237470.06737497,4959309.43734606,POINT (-73.99845264 40.6394788800001),LEVEL 1,1,138,6.133
12474,17011215,NEW YORK - PRESBYTERIAN BROOKLYN METHODIST HOSPITAL,506 SIXTH STREET,BROOKLYN,NY,11215,NOT AVAILABLE,(718) 780-3101,GENERAL ACUTE CARE,OPEN,591,KINGS,36047,USA,40.6677617,-73.97899052,622110,GENERAL MEDICAL AND SURGICAL HOSPITALS,https://profiles.health.ny.gov/hospital/alpha,4/19/2024 12:00:00 AM,IMAGERY/OTHER,2/10/2014 12:00:00 AM,NOT AVAILABLE,7001021H,NEWYORK - PRESBYTERIAN - BROOKLYN METHODIST,36,NON-PROFIT,-999,591,LEVEL II,0,-8235303.55408681,4963459.41377513,POINT (-73.97899052 40.6677617),LEVEL 2,1,115,5.773
12475,17111213,INTERFAITH MEDICAL CENTER,1545 ATLANTIC AVENUE,BROOKLYN,NY,11213,NOT AVAILABLE,(718) 935-7000,PSYCHIATRIC,OPEN,287,KINGS,36047,USA,40.6782330400001,-73.93736834,622110,GENERAL MEDICAL AND SURGICAL HOSPITALS,https://profiles.health.ny.gov/hospital/alpha,4/19/2024 12:00:00 AM,IMAGERY/OTHER,4/16/2019 12:00:00 AM,NOT AVAILABLE,7001002H,THE BROOKDALE HOSPITAL MEDICAL CENTER,36,NON-PROFIT,-999,287,NOT AVAILABLE,0,-8230670.1942035,4964996.33405685,POINT (-73.93736834 40.6782330400001),NOT AVAILABLE,0,14,2.8609999999999998
12476,114611203,KINGSBROOK JEWISH MEDICAL CENTER,585 SCHENECTADY AVENUE,BROOKLYN,NY,11203,NOT AVAILABLE,(718) 604-5000,PSYCHIATRIC,OPEN,120,KINGS,36047,USA,40.65944045,-73.9335453099999,622110,GENERAL MEDICAL AND SURGICAL HOSPITALS,https://profiles.health.ny.gov/hospital/alpha,4/19/2024 12:00:00 AM,IMAGERY/OTHER,2/11/2015 12:00:00 AM,http://www.kingsbrook.org/,7001002H,THE BROOKDALE HOSPITAL MEDICAL CENTER,36,NON-PROFIT,-999,120,NOT AVAILABLE,0,-8230244.61645061,4962238.24284526,POINT (-73.9335453099999 40.65944045),NOT AVAILABLE,0,6,2.36
12477,17311237,WYCKOFF HEIGHTS MEDICAL CENTER,374 STOCKHOLM STREET,BROOKLYN,NY,11237,NOT AVAILABLE,(718) 963-7101,GENERAL ACUTE CARE,OPEN,324,KINGS,36047,USA,40.7039640400001,-73.9177637,622110,GENERAL MEDICAL AND SURGICAL HOSPITALS,https://profiles.health.ny.gov/hospital/alpha,4/19/2024 12:00:00 AM,IMAGERY/OTHER,2/10/2014 12:00:00 AM,NOT AVAILABLE,7001035H,WYCKOFF HEIGHTS MEDICAL CENTER,36,NON-PROFIT,-999,324,NOT AVAILABLE,0,-8228487.81566152,4968774.00123287,POINT (-73.9177637 40.7039640400001),NOT AVAILABLE,0,48,2.972
12478,119111203,UNIVERSITY HOSPITAL OF BROOKLYN,445 LENOX ROAD,BROOKLYN,NY,11203,NOT AVAILABLE,(718) 270-2401,GENERAL ACUTE CARE,OPEN,342,KINGS,36047,USA,40.65484188,-73.9442278499999,622110,GENERAL MEDICAL AND SURGICAL HOSPITALS,https://profiles.health.ny.gov/hospital/alpha,4/19/2024 12:00:00 AM,IMAGERY/OTHER,2/24/2015 12:00:00 AM,http://www.downstate.edu/uhb/,7001037H,STATE OF NEW YORK,36,GOVERNMENT - STATE,-999,342,NOT AVAILABLE,0,-8231433.79136379,4961563.45285676,POINT (-73.9442278499999 40.65484188),NOT AVAILABLE,0,51,3.026
12479,115411234,MOUNT SINAI BROOKLYN,3201 KINGS HIGHWAY,BROOKLYN,NY,11234,NOT AVAILABLE,(718) 951-3000,GENERAL ACUTE CARE,OPEN,212,KINGS,36047,USA,40.6188201000001,-73.94290124,622110,GENERAL MEDICAL AND SURGICAL HOSPITALS,https://profiles.health.ny.gov/hospital/alpha,4/19/2024 12:00:00 AM,IMAGERY/OTHER,2/11/2015 12:00:00 AM,NOT AVAILABLE,7002002H,BETH ISRAEL MEDICAL CENTER INC,36,NON-PROFIT,-999,212,NOT AVAILABLE,0,-8231286.11381411,4956279.25772334,POINT (-73.94290124 40.6188201000001),NOT AVAILABLE,0,31,2.636
12480,119310038,NEW YORK - PRESBYTERIAN - LOWER MANHATTAN HOSPITAL,170 WILLIAM STREET,NEW YORK,NY,10038,NOT AVAILABLE,(212) 312-5175,GENERAL ACUTE CARE,OPEN,180,NEW YORK,36061,USA,40.71051679,-74.00529783,622110,GENERAL MEDICAL AND SURGICAL HOSPITALS,https://profiles.health.ny.gov/hospital/alpha,4/19/2024 12:00:00 AM,IMAGERY/OTHER,2/24/2015 12:00:00 AM,http://www.nyp.org/lowermanhattan,7002054H,THE NEW YORK AND PRESBYTERIAN HOSPITAL,36,NON-PROFIT,-999,180,NOT AVAILABLE,0,-8238232.07044015,4969736.26881661,POINT (-74.00529783 40.71051679),NOT AVAILABLE,0,27,2.54
12481,114010016,BELLEVUE HOSPITAL CENTER,462 FIRST AVENUE,NEW YORK,NY,10016,NOT AVAILABLE,(212) 562-4132,GENERAL ACUTE CARE,OPEN,912,NEW YORK,36061,USA,40.7393201,-73.9753817499999,622110,GENERAL MEDICAL AND SURGICAL HOSPITALS,https://profiles.health.ny.gov/hospital/alpha,4/19/2024 12:00:00 AM,IMAGERY/OTHER,2/11/2015 12:00:00 AM,http://www.nychealthandhospitals.org/bellevue/html/home/home.shtml,7002001H,NEW YORK CITY HEALTH AND HOSPITAL CORPORATION,36,GOVERNMENT - LOCAL,-999,912,LEVEL I,0,-8234901.82764802,4973967.14179824,POINT (-73.9753817499999 40.7393201),LEVEL 1,1,177,6.736000000000001
12482,121210003,MOUNT SINAI BETH ISRAEL,1ST AVE AT 16TH STREET,NEW YORK,NY,10003,NOT AVAILABLE,(212) 420-2873,GENERAL ACUTE CARE,OPEN,696,NEW YORK,36061,USA,40.73310481,-73.98177078,622110,GENERAL MEDICAL AND SURGICAL HOSPITALS,https://profiles.health.ny.gov/hospital/alpha,4/19/2024 12:00:00 AM,IMAGERY/OTHER,2/24/2015 12:00:00 AM,NOT AVAILABLE,7002002H,BETH ISRAEL MEDICAL CENTER INC,36,NON-PROFIT,-999,696,NOT AVAILABLE,0,-8235613.05121428,4973054.03266181,POINT (-73.98177078 40.73310481),NOT AVAILABLE,0,104,4.088
12483,116710037,HARLEM HOSPITAL CENTER,506 LENOX AVENUE,NEW YORK,NY,10037,NOT AVAILABLE,(212) 939-1000,GENERAL ACUTE CARE,OPEN,268,NEW YORK,36061,USA,40.81426493,-73.93986126,622110,GENERAL MEDICAL AND SURGICAL HOSPITALS,https://profiles.health.ny.gov/hospital/alpha,4/19/2024 12:00:00 AM,IMAGERY/OTHER,2/11/2015 12:00:00 AM,http://www.nychealthandhospitals.org/harlem/html/home/home.shtml,7002009H,NEW YORK CITY HEALTH AND HOSPITAL CORPORATION,36,GOVERNMENT - LOCAL,-999,268,LEVEL II,0,-8230947.70478849,4984984.26345104,POINT (-73.93986126 40.81426493),LEVEL 1,1,52,4.804
12484,17910003,NYU LANGONE ORTHOPEDIC HOSPITAL,301 EAST 17TH STREET,NEW YORK,NY,10003,NOT AVAILABLE,(212) 598-6000,GENERAL ACUTE CARE,OPEN,225,NEW YORK,36061,USA,40.7344316900001,-73.98299996,622110,GENERAL MEDICAL AND SURGICAL HOSPITALS,https://profiles.health.ny.gov/hospital/alpha,4/19/2024 12:00:00 AM,IMAGERY/OTHER,2/10/2014 12:00:00 AM,NOT AVAILABLE,7002053H,NYU LANGONE HOSPITALS,36,NON-PROFIT,-999,225,NOT AVAILABLE,0,-8235749.88290598,4973248.96189903,POINT (-73.98299996 40.7344316900001),NOT AVAILABLE,0,33,2.675
12485,18010021,HOSPITAL FOR SPECIAL SURGERY,535 E 70TH STREET,NEW YORK,NY,10021,NOT AVAILABLE,(212) 606-1236,GENERAL ACUTE CARE,OPEN,215,NEW YORK,36061,USA,40.76492338,-73.9523148499999,622310,SPECIALTY (EXCEPT PSYCHIATRIC AND SUBSTANCE ABUSE) HOSPITALS,https://profiles.health.ny.gov/hospital/alpha,4/19/2024 12:00:00 AM,IMAGERY/OTHER,2/10/2014 12:00:00 AM,NOT AVAILABLE,7002012H,NY SOCIETY FOR THE RELIEF OF THE RUPTURED AND CRIPPLED,36,NON-PROFIT,-999,215,NOT AVAILABLE,0,-8232334.03208584,4977729.50563223,POINT (-73.9523148499999 40.76492338),NOT AVAILABLE,0,32,2.645
12486,117510021,MEMORIAL HOSPITAL FOR CANCER AND ALLIED DISEASES,1275 YORK AVENUE,NEW YORK,NY,10065,NOT AVAILABLE,(212) 639-2000,SPECIAL,OPEN,514,NEW YORK,36061,USA,40.76427432,-73.95659552,622310,SPECIALTY (EXCEPT PSYCHIATRIC AND SUBSTANCE ABUSE) HOSPITALS,https://profiles.health.ny.gov/hospital/alpha,4/19/2024 12:00:00 AM,IMAGERY/OTHER,2/11/2015 12:00:00 AM,https://www.mskcc.org/,7002020H,MEMORIAL HOSPITAL FOR CANCER AND ALLIED DISEASES INC,36,NON-PROFIT,-999,514,NOT AVAILABLE,0,-8232810.55409049,4977634.10933089,POINT (-73.95659552 40.76427432),NOT AVAILABLE,0,51,3.542
12487,18210029,METROPOLITAN HOSPITAL CENTER,1901 FIRST AVENUE,NEW YORK,NY,10029,NOT AVAILABLE,(212) 423-8993,GENERAL ACUTE CARE,OPEN,338,NEW YORK,36061,USA,40.78492694,-73.9445302299999,622110,GENERAL MEDICAL AND SURGICAL HOSPITALS,https://profiles.health.ny.gov/hospital/alpha,4/19/2024 12:00:00 AM,IMAGERY,1/3/2014 12:00:00 AM,NOT AVAILABLE,7002021H,NEW YORK CITY HEALTH AND HOSPITAL CORPORATION,36,GOVERNMENT - LOCAL,-999,338,NOT AVAILABLE,0,-8231467.45215142,4980670.00764218,POINT (-73.9445302299999 40.78492694),NOT AVAILABLE,0,50,3.0140000000000002
12488,18710001,MOUNT SINAI HOSPITAL,1 GUSTAVE L LEVY PLACE,NEW YORK,NY,10029,NOT AVAILABLE,(212) 241-7005,GENERAL ACUTE CARE,OPEN,1139,NEW YORK,36061,USA,40.7897675300001,-73.95321427,622110,GENERAL MEDICAL AND SURGICAL HOSPITALS,https://profiles.health.ny.gov/hospital/alpha,4/19/2024 12:00:00 AM,IMAGERY/OTHER,2/10/2014 12:00:00 AM,NOT AVAILABLE,7002024H,THE MOUNT SINAI HOSPITAL,36,NON-PROFIT,-999,1139,NOT AVAILABLE,0,-8232434.15506225,4981381.70229388,POINT (-73.95321427 40.7897675300001),NOT AVAILABLE,0,170,5.417
12489,118910021,NEW YORK - PRESBYTERIAN HOSPITAL - NEW YORK WEILL CORNELL CENTER,525 EAST 68TH STREET,NEW YORK,NY,10021,NOT AVAILABLE,(212) 746-5454,GENERAL ACUTE CARE,OPEN,744,NEW YORK,36061,USA,40.7645499400001,-73.9543322599999,622110,GENERAL MEDICAL AND SURGICAL HOSPITALS,https://profiles.health.ny.gov/hospital/alpha,4/19/2024 12:00:00 AM,IMAGERY/OTHER,2/24/2015 12:00:00 AM,http://www.nyp.org/,7002054H,THE NEW YORK AND PRESBYTERIAN HOSPITAL,36,NON-PROFIT,-999,744,"LEVEL I ADULT, LEVEL II PEDIATRIC",0,-8232558.60913976,4977674.61876716,POINT (-73.9543322599999 40.7645499400001),NOT AVAILABLE,0,111,4.232
12490,18410003,NEW YORK EYE AND EAR INFIRMARY OF MOUNT SINAI,310 EAST 14TH STREET,NEW YORK,NY,10003,NOT AVAILABLE,(212) 979-4300,GENERAL ACUTE CARE,OPEN,69,NEW YORK,36061,USA,40.73185306,-73.98448331,622310,SPECIALTY (EXCEPT PSYCHIATRIC AND SUBSTANCE ABUSE) HOSPITALS,https://profiles.health.ny.gov/hospital/alpha,4/19/2024 12:00:00 AM,IMAGERY,2/10/2014 12:00:00 AM,NOT AVAILABLE,7002026H,NY EYE AND EAR INFIRMARY INC,36,NON-PROFIT,-999,69,NOT AVAILABLE,0,-8235915.00867264,4972870.14418325,POINT (-73.98448331 40.73185306),NOT AVAILABLE,0,10,2.207
12491,119410016,NYU LANGONE HOSPITALS,550 FIRST AVENUE,NEW YORK,NY,10016,NOT AVAILABLE,(212) 263-5500,GENERAL ACUTE CARE,OPEN,844,NEW YORK,36061,USA,40.7420469,-73.97392933,622110,GENERAL MEDICAL AND SURGICAL HOSPITALS,https://profiles.health.ny.gov/hospital/alpha,4/19/2024 12:00:00 AM,IMAGERY/OTHER,2/24/2015 12:00:00 AM,NOT AVAILABLE,7002053H,NYU LANGONE HOSPITALS,36,NON-PROFIT,-999,844,NOT AVAILABLE,0,-8234740.1449932,4974367.77207353,POINT (-73.97392933 40.7420469),NOT AVAILABLE,0,126,4.532
12492,118810032,NEW YORK - PRESBYTERIAN HOSPITAL - COLUMBIA PRESBYTERIAN CENTER,622 WEST 168TH STREET,NEW YORK,NY,10032,NOT AVAILABLE,(212) 305-2500,GENERAL ACUTE CARE,OPEN,1022,NEW YORK,36061,USA,40.8410528800001,-73.94068652,622110,GENERAL MEDICAL AND SURGICAL HOSPITALS,https://profiles.health.ny.gov/hospital/alpha,4/19/2024 12:00:00 AM,IMAGERY/OTHER,2/24/2015 12:00:00 AM,http://www.nyp.org/locations/newyork-presbyterian-columbia-university-medical-center,7002054H,THE NEW YORK AND PRESBYTERIAN HOSPITAL,36,NON-PROFIT,-999,1022,NOT AVAILABLE,0,-8231039.57231147,4988925.19336882,POINT (-73.94068652 40.8410528800001),NOT AVAILABLE,0,153,5.066
12493,116610021,ROCKEFELLER UNIVERSITY HOSPITAL,1230 YORK AVENUE,NEW YORK,NY,10021,NOT AVAILABLE,(212) 327-7511,GENERAL ACUTE CARE,OPEN,40,NEW YORK,36061,USA,40.76304744,-73.9546231699999,622110,GENERAL MEDICAL AND SURGICAL HOSPITALS,https://profiles.health.ny.gov/hospital/alpha,4/19/2024 12:00:00 AM,IMAGERY/OTHER,2/11/2015 12:00:00 AM,https://www.rucares.org/,7002031H,THE ROCKEFELLER UNIVERSITY INC,36,NON-PROFIT,-999,40,NOT AVAILABLE,0,-8232590.99309282,4977453.78984975,POINT (-73.9546231699999 40.76304744),NOT AVAILABLE,0,6,2.12
12494,118610019,MOUNT SINAI WEST,1000 10TH AVENUE,NEW YORK,NY,10019,NOT AVAILABLE,(212) 523-7225,GENERAL ACUTE CARE,OPEN,514,NEW YORK,36061,USA,40.7698206100001,-73.9874019,622110,GENERAL MEDICAL AND SURGICAL HOSPITALS,https://profiles.health.ny.gov/hospital/alpha,4/19/2024 12:00:00 AM,IMAGERY/OTHER,5/12/2015 12:00:00 AM,NOT AVAILABLE,7002032H,ST LUKES ROOSEVELT HOSPITAL CENTER INC,36,NON-PROFIT,-999,514,NOT AVAILABLE,0,-8236239.90462528,4978449.31138822,POINT (-73.9874019 40.7698206100001),NOT AVAILABLE,0,77,3.542
12495,118710025,MOUNT SINAI MORNINGSIDE,1111 AMSTERDAM AVENUE,NEW YORK,NY,10025,NOT AVAILABLE,(212) 523-4295,GENERAL ACUTE CARE,OPEN,495,NEW YORK,36061,USA,40.8049225400001,-73.9615903499999,622110,GENERAL MEDICAL AND SURGICAL HOSPITALS,https://profiles.health.ny.gov/hospital/alpha,4/19/2024 12:00:00 AM,IMAGERY/OTHER,2/24/2015 12:00:00 AM,NOT AVAILABLE,7002032H,ST LUKES ROOSEVELT HOSPITAL CENTER INC,36,NON-PROFIT,-999,495,LEVEL II,0,-8233366.57602269,4983610.2248214,POINT (-73.9615903499999 40.8049225400001),LEVEL 2,1,96,5.484999999999999
12496,19210304,RUMC - BAYLEY SETON,75 VANDERBILT AVENUE,STATEN ISLAND,NY,10304,NOT AVAILABLE,(718) 390-6000,PSYCHIATRIC,OPEN,25,RICHMOND,36085,USA,40.62242782,-74.0753546,622210,PSYCHIATRIC AND SUBSTANCE ABUSE HOSPITALS,https://profiles.health.ny.gov/hospital/alpha,4/19/2024 12:00:00 AM,IMAGERY,2/10/2014 12:00:00 AM,NOT AVAILABLE,7004010H,RICHMOND UNIVERSITY MEDICAL CENTER,36,NON-PROFIT,-999,25,NOT AVAILABLE,0,-8246030.75440317,4956808.36177126,POINT (-74.0753546 40.62242782),NOT AVAILABLE,0,5,2.075
12497,116810035,HENRY J. CARTER SPECIALTY HOSPITAL,1752 PARK AVENUE,NEW YORK,NY,10035,NOT AVAILABLE,(212) 318-8000,LONG TERM CARE,OPEN,201,NEW YORK,36061,USA,40.80328511,-73.94162385,622310,SPECIALTY (EXCEPT PSYCHIATRIC AND SUBSTANCE ABUSE) HOSPITALS,https://profiles.health.ny.gov/hospital/alpha,4/19/2024 12:00:00 AM,IMAGERY/OTHER,2/11/2015 12:00:00 AM,http://www.nychealthandhospitals.org/carter/html/home/home.shtml,7002050H,NEW YORK CITY HEALTH AND HOSPITAL CORPORATION,36,GOVERNMENT - LOCAL,-999,201,NOT AVAILABLE,0,-8231143.91540977,4983369.41856644,POINT (-73.94162385 40.80328511),NOT AVAILABLE,0,5,2.6029999999999998
12498,19611373,ELMHURST HOSPITAL CENTER,79-01 BROADWAY,ELMHURST,NY,11373,NOT AVAILABLE,(718) 334-4000,GENERAL ACUTE CARE,OPEN,545,QUEENS,36081,USA,40.74482736,-73.88607967,622110,GENERAL MEDICAL AND SURGICAL HOSPITALS,https://profiles.health.ny.gov/hospital/alpha,4/19/2024 12:00:00 AM,IMAGERY/OTHER,1/3/2014 12:00:00 AM,http://www.nyc.gov/html/hhc/ehc/html/home/home.shtml,7003000H,NEW YORK CITY HEALTH AND HOSPITAL CORPORATION,36,GOVERNMENT - LOCAL,-999,545,LEVEL I,0,-8224960.76557564,4974776.3031622,POINT (-73.88607967 40.74482736),LEVEL 1,1,106,5.635
12499,19411355,FLUSHING HOSPITAL MEDICAL CENTER,45TH AVENUE AND PARSONS BLVD,FLUSHING,NY,11355,NOT AVAILABLE,(718) 670-5918,GENERAL ACUTE CARE,OPEN,299,QUEENS,36081,USA,40.75540992,-73.81646552,622110,GENERAL MEDICAL AND SURGICAL HOSPITALS,https://profiles.health.ny.gov/hospital/alpha,4/19/2024 12:00:00 AM,IMAGERY,2/10/2014 12:00:00 AM,NOT AVAILABLE,7003001H,FLUSHING HOSPITAL AND MEDICAL CENTER INC,36,NON-PROFIT,-999,299,NOT AVAILABLE,0,-8217211.35384563,4976331.34770729,POINT (-73.81646552 40.75540992),NOT AVAILABLE,0,44,2.8970000000000002
12500,19711414,JAMAICA HOSPITAL MEDICAL CENTER,89TH AVENUE AND VAN WYCK EXPRESSWAY,JAMAICA,NY,11418,NOT AVAILABLE,(718) 206-6000,GENERAL ACUTE CARE,OPEN,402,QUEENS,36081,USA,40.7001036500001,-73.8161148899999,622110,GENERAL MEDICAL AND SURGICAL HOSPITALS,https://profiles.health.ny.gov/hospital/alpha,4/19/2024 12:00:00 AM,IMAGERY/OTHER,2/10/2014 12:00:00 AM,NOT AVAILABLE,7003003H,JAMAICA HOSPITAL INC,36,NON-PROFIT,-999,402,LEVEL I,0,-8217172.32189257,4968207.1494886,POINT (-73.8161148899999 40.7001036500001),LEVEL 1,1,78,5.2059999999999995
12501,19511432,QUEENS HOSPITAL CENTER,82-68 164TH STREET,JAMAICA,NY,11432,NOT AVAILABLE,(718) 883-2350,GENERAL ACUTE CARE,OPEN,269,QUEENS,36081,USA,40.71707221,-73.80455619,622110,GENERAL MEDICAL AND SURGICAL HOSPITALS,https://profiles.health.ny.gov/hospital/alpha,4/19/2024 12:00:00 AM,IMAGERY,1/3/2014 12:00:00 AM,NOT AVAILABLE,7003007H,NEW YORK CITY HEALTH AND HOSPITAL CORPORATION,36,GOVERNMENT - LOCAL,-999,269,NOT AVAILABLE,0,-8215885.61329434,4970699.02324542,POINT (-73.80455619 40.71707221),NOT AVAILABLE,0,40,2.807
12502,19811691,ST JOHNS EPISCOPAL HOSPITAL SO SHORE,327 BEACH 19TH STREET,FAR ROCKAWAY,NY,11691,NOT AVAILABLE,(718) 868-7320,GENERAL ACUTE CARE,OPEN,257,QUEENS,36081,USA,40.59870798,-73.7535506199999,622110,GENERAL MEDICAL AND SURGICAL HOSPITALS,https://profiles.health.ny.gov/hospital/alpha,4/19/2024 12:00:00 AM,IMAGERY/OTHER,2/10/2014 12:00:00 AM,NOT AVAILABLE,7001024H,EPISCOPAL HEALTH SERVICES INC,36,NON-PROFIT,-999,257,NOT AVAILABLE,0,-8210207.69921432,4953330.16093413,POINT (-73.7535506199999 40.59870798),NOT AVAILABLE,0,38,2.771
12503,20311355,NEW YORK - PRESBYTERIAN - QUEENS,56-45 MAIN STREET,FLUSHING,NY,11355,NOT AVAILABLE,(718) 670-1021,GENERAL ACUTE CARE,OPEN,535,QUEENS,36081,USA,40.7467722800001,-73.82541638,622110,GENERAL MEDICAL AND SURGICAL HOSPITALS,https://profiles.health.ny.gov/hospital/alpha,4/19/2024 12:00:00 AM,IMAGERY/OTHER,2/10/2014 12:00:00 AM,NOT AVAILABLE,7003010H,NEWYORK - PRESBYTERIAN - QUEENS,36,NON-PROFIT,-999,535,LEVEL I,0,-8218207.759023,4975062.07908137,POINT (-73.82541638 40.7467722800001),LEVEL 1,1,104,5.605
12504,115511102,MOUNT SINAI HOSPITAL - MOUNT SINAI HOSPITAL OF QUEENS,25-10 30TH AVENUE,LONG ISLAND CITY,NY,11102,NOT AVAILABLE,(718) 932-1000,GENERAL ACUTE CARE,OPEN,228,QUEENS,36081,USA,40.7682950600001,-73.9248843399999,622110,GENERAL MEDICAL AND SURGICAL HOSPITALS,https://profiles.health.ny.gov/hospital/alpha,4/19/2024 12:00:00 AM,IMAGERY/OTHER,2/11/2015 12:00:00 AM,http://www.mshq.org/,7002024H,THE MOUNT SINAI HOSPITAL,36,NON-PROFIT,-999,228,NOT AVAILABLE,0,-8229280.48168044,4978225.07696825,POINT (-73.9248843399999 40.7682950600001),NOT AVAILABLE,0,34,2.684
12505,20211206,WOODHULL MEDICAL AND MENTAL HEALTH CENTER,760 BROADWAY,BROOKLYN,NY,11206,NOT AVAILABLE,(718) 963-8101,GENERAL ACUTE CARE,OPEN,364,KINGS,36047,USA,40.6995226700001,-73.9423789799999,622110,GENERAL MEDICAL AND SURGICAL HOSPITALS,https://profiles.health.ny.gov/hospital/alpha,4/19/2024 12:00:00 AM,IMAGERY/OTHER,2/10/2014 12:00:00 AM,http://www.nyc.gov/html/hhc,7001045H,NEW YORK CITY HEALTH AND HOSPITAL CORPORATION,36,GOVERNMENT - LOCAL,-999,364,NOT AVAILABLE,1,-8231227.97609685,4968121.84242194,POINT (-73.9423789799999 40.6995226700001),NOT AVAILABLE,0,54,4.0920000000000005
12507,20610301,RICHMOND UNIVERSITY MEDICAL CENTER,355 BARD AVENUE,STATEN ISLAND,NY,10310,NOT AVAILABLE,(718) 818-2413,GENERAL ACUTE CARE,OPEN,448,RICHMOND,36085,USA,40.63590241,-74.1059377999999,622110,GENERAL MEDICAL AND SURGICAL HOSPITALS,https://profiles.health.ny.gov/hospital/alpha,4/19/2024 12:00:00 AM,IMAGERY/OTHER,2/10/2014 12:00:00 AM,NOT AVAILABLE,7004010H,BRIDGE REGIONAL HEALTH SYSTEM,36,NON-PROFIT,-999,448,LEVEL I,0,-8249435.260654,4958784.78231893,POINT (-74.1059377999999 40.63590241),LEVEL 1,1,87,5.344
12508,118110461,MONTEFIORE MED CENTER - JACK D WEILER HOSP OF A EINSTEIN COLLEGE DIV,1825 EASTCHESTER ROAD,BRONX,NY,10461,NOT AVAILABLE,(718) 904-2001,GENERAL ACUTE CARE,OPEN,421,BRONX,36005,USA,40.8498892100001,-73.8458902199999,622110,GENERAL MEDICAL AND SURGICAL HOSPITALS,https://profiles.health.ny.gov/hospital/alpha,4/19/2024 12:00:00 AM,IMAGERY/OTHER,5/12/2015 12:00:00 AM,NOT AVAILABLE,7000006H,MONTEFIORE MEDICAL CENTER,36,NON-PROFIT,-999,421,NOT AVAILABLE,0,-8220486.89646637,4990225.50617903,POINT (-73.8458902199999 40.8498892100001),NOT AVAILABLE,0,63,3.263
12510,115610034,NEW YORK - PRESBYTERIAN HOSPITAL - ALLEN HOSPITAL,5141 BROADWAY,NEW YORK,NY,10034,NOT AVAILABLE,(212) 932-4000,GENERAL ACUTE CARE,OPEN,196,NEW YORK,36061,USA,40.8732752400001,-73.91305033,622110,GENERAL MEDICAL AND SURGICAL HOSPITALS,https://profiles.health.ny.gov/hospital/alpha,4/19/2024 12:00:00 AM,IMAGERY/OTHER,2/11/2015 12:00:00 AM,http://www.nyp.org/allenhospital,7002054H,THE NEW YORK AND PRESBYTERIAN HOSPITAL,36,NON-PROFIT,-999,196,NOT AVAILABLE,0,-8227963.1257132,4993667.72150863,POINT (-73.91305033 40.8732752400001),NOT AVAILABLE,0,29,2.588
12517,119511201,NYU LANGONE HEALTH - COBBLE HILL,83 AMITY STREET,BROOKLYN,NY,11201,NOT AVAILABLE,NOT AVAILABLE,GENERAL ACUTE CARE,OPEN,-999,KINGS,36047,USA,40.68987342,-73.99776571,622110,GENERAL MEDICAL AND SURGICAL HOSPITALS,https://profiles.health.ny.gov/hospital/alpha,4/19/2024 12:00:00 AM,IMAGERY/OTHER,2/24/2015 12:00:00 AM,NOT AVAILABLE,7002053H,NYU LANGONE HOSPITALS,36,NON-PROFIT,-999,1,NOT AVAILABLE,0,-8237393.59867715,4966705.12237123,POINT (-73.99776571 40.68987342),NOT AVAILABLE,0,5,2.003
12518,196784727,NEW YORK - PRESBYTERIAN DAVID H. KOCH CENTER,1283 YORK AVENUE,NEW YORK,NY,10065,NOT AVAILABLE,NOT AVAILABLE,WOMEN,OPEN,135,NEW YORK,36061,USA,40.7648862,-73.9557336,622310,GENERAL MEDICAL AND SURGICAL HOSPITALS,https://profiles.health.ny.gov/hospital/alpha,4/19/2024 12:00:00 AM,IMAGERY/OTHER,2/28/2022 12:00:00 AM,NOT AVAILABLE,7002054H,THE NEW YORK AND PRESBYTERIAN HOSPITAL,36,NON-PROFIT,-999,135,NOT AVAILABLE,0,-8232714.60559499,4977724.04103603,POINT (-73.9557336 40.7648862),NOT AVAILABLE,0,13,2.4050000000000002
12520,196784728,CALVARY HOSPITAL,150 55TH STREET,BROOKLYN,NY,11220,NOT AVAILABLE,NOT AVAILABLE,GENERAL ACUTE CARE,OPEN,25,KINGS,36047,USA,40.6468175150001,-74.021560307,622110,GENERAL MEDICAL AND SURGICAL HOSPITALS,https://profiles.health.ny.gov/hospital/alpha,4/19/2024 12:00:00 AM,IMAGERY/OTHER,2/28/2022 12:00:00 AM,NOT AVAILABLE,7000011H,CALVARY HOSPITAL INC.,36,NON-PROFIT,-999,25,NOT AVAILABLE,0,-8240042.40109883,4960386.0761968,POINT (-74.021560307 40.6468175150001),NOT AVAILABLE,0,5,2.075
12521,170610035,DAVID H. KOCH CENTER FOR CANCER CARE,530 EAST 74TH STREET,NEW YORK,NY,10021,NOT AVAILABLE,(646) 672-6767,GENERAL ACUTE CARE,OPEN,16,NEW YORK,36061,USA,40.78830543,-73.93076918,622210,PSYCHIATRIC AND SUBSTANCE ABUSE HOSPITALS,https://profiles.health.ny.gov/hospital/alpha,4/19/2024 12:00:00 AM,IMAGERY,5/10/2019 12:00:00 AM,NOT AVAILABLE,7002020H,MEMORIAL HOSPITAL FOR CANCER AND ALLIED DISEASES INC,36,NON-PROFIT,-999,16,NOT AVAILABLE,0,-8229935.57907264,4981166.7294868,POINT (-73.93076918 40.78830543),NOT AVAILABLE,0,5,2.048
14721,11011209,BROOKLYN VA MEDICAL CENTER,800 POLY PLACE,BROOKLYN,NY,11209,7104,(718) 836-6600,MILITARY,OPEN,171,KINGS,36047,USA,40.6079228500001,-74.02418643,622110,GENERAL MEDICAL AND SURGICAL HOSPITALS,https://www.va.gov/find-locations,4/22/2024 12:00:00 AM,IMAGERY/OTHER,5/22/2015 12:00:00 AM,https://www.nyharbor.va.gov/locations/brooklyn_campus.asp,VHA_630A4,NOT AVAILABLE,36,GOVERNMENT - FEDERAL,-999,171,NOT AVAILABLE,0,-8240334.73977395,4954681.25310465,POINT (-74.02418643 40.6079228500001),NOT AVAILABLE,0,17,2.513
14722,10710010,MARGARET COCHRAN CORBIN VA CAMPUS,423 EAST 23RD STREET,NEW YORK,NY,10010,5011,(212) 686-7500,MILITARY,OPEN,-999,NEW YORK,36061,USA,40.7368814700001,-73.9770792699999,622110,GENERAL MEDICAL AND SURGICAL HOSPITALS,https://www.va.gov/find-locations,4/22/2024 12:00:00 AM,IMAGERY/OTHER,5/22/2015 12:00:00 AM,https://www.nyharbor.va.gov/locations/directions.asp,VHA_630,NOT AVAILABLE,36,GOVERNMENT - FEDERAL,-999,1,NOT AVAILABLE,0,-8235090.79471003,4973608.86430222,POINT (-73.9770792699999 40.7368814700001),NOT AVAILABLE,0,5,2.003
14723,10610468,JAMES J. PETERS DEPARTMENT OF VETERANS AFFAIRS MEDICAL CENTER,130 WEST KINGSBRIDGE ROAD,BRONX,NY,10468,3904,(718) 584-9000,MILITARY,OPEN,311,BRONX,36005,USA,40.8673486600001,-73.90638209,622110,GENERAL MEDICAL AND SURGICAL HOSPITALS,https://www.va.gov/find-locations,4/22/2024 12:00:00 AM,IMAGERY/OTHER,5/22/2015 12:00:00 AM,https://www.bronx.va.gov/locations/directions.asp,VHA_526,NOT AVAILABLE,36,GOVERNMENT - FEDERAL,-999,311,NOT AVAILABLE,0,-8227220.82063191,4992795.26673032,POINT (-73.90638209 40.8673486600001),NOT AVAILABLE,0,31,2.933
15267,18610032,NEW YORK PRESBYTERIAN MORGAN STANLEY CHILDREN'S HOSPITAL,3959 BROADWAY,NEW YORK,NY,10032,NOT AVAILABLE,(212) 305-5437,CHILDREN,OPEN,190,NEW YORK,36061,USA,40.83976326,-73.9412825799999,622110,"CHILDREN'S HOSPITALS, GENERAL",https://profiles.health.ny.gov/hospital/alpha,4/19/2024 12:00:00 AM,IMAGERY,4/7/2022 12:00:00 AM,http://www.nyp.org/morganstanley,1464,NOT AVAILABLE,36,NON-PROFIT,-999,190,LEVEL I PEDIATRIC,0,-8231105.92540714,4988735.4334451,POINT (-73.9412825799999 40.83976326),NOT AVAILABLE,0,38,2.5700000000000003
15268,18810019,THE ADDICTION INSTITUTE OF NEW YORK,1000 10TH AVE,NEW YORK,NY,10019,NOT AVAILABLE,(212) 256-3800,PSYCHIATRIC,CLOSED,-999,NEW YORK,36061,USA,40.76941213,-73.9868084,622210,"HOSPITALS, PSYCHIATRIC (EXCEPT CONVALESCENT)",https://profiles.health.ny.gov/hospital/county_or_region/,8/20/2018 12:00:00 AM,IMAGERY,2/10/2014 12:00:00 AM,http://www.stlukeshospitalnyc.org/addiction.aspx,1466,NOT AVAILABLE,36,NON-PROFIT,-999,1,NOT AVAILABLE,0,-8236173.83650749,4978389.27006164,POINT (-73.9868084 40.76941213),NOT AVAILABLE,0,5,2.003
15569,120210304,STATEN ISLAND UNIV HOSP-CONCORD DIV,1050 TARGEE STREET,STATEN ISLAND,NY,10304,NOT AVAILABLE,NOT AVAILABLE,GENERAL ACUTE CARE,CLOSED,-999,RICHMOND,36085,USA,40.60306403,-74.09182025,622110,GENERAL MEDICAL AND SURGICAL HOSPITALS,https://profiles.health.ny.gov/hospital/county_or_region/,8/20/2018 12:00:00 AM,IMAGERY/OTHER,2/24/2015 12:00:00 AM,NOT AVAILABLE,7004005H,NOT AVAILABLE,36,GOVERNMENT - STATE,-999,1,NOT AVAILABLE,0,-8247863.70217675,4953968.82552036,POINT (-74.09182025 40.60306403),NOT AVAILABLE,0,5,2.003
15574,11211425,ST. ALBANS COMMUNITY LIVING CENTER,179-00 LINDEN BLVD,JAMAICA,NY,11425,NOT AVAILABLE,(718) 526-1000,MILITARY,OPEN,386,QUEENS,36081,USA,40.69064667,-73.76867577,622110,GENERAL MEDICAL AND SURGICAL HOSPITALS,https://profiles.health.ny.gov/hospital/alpha,4/19/2024 12:00:00 AM,IMAGERY/OTHER,4/7/2022 12:00:00 AM,http://www.nyharbor.va.gov/,NOT AVAILABLE,NOT AVAILABLE,36,GOVERNMENT - FEDERAL,-999,386,NOT AVAILABLE,0,-8211891.42321049,4966818.64474992,POINT (-73.76867577 40.69064667),NOT AVAILABLE,0,38,3.158
15609,13710461,BURKE REHABILITATION CENTER,2826 WESTCHESTER AVE,BRONX,NY,10461,NOT AVAILABLE,(718) 515-2400,REHABILITATION,OPEN,-999,BRONX,36005,USA,40.84418356,-73.83535509,622310,"REHABILITATION HOSPITALS (EXCEPT ALCOHOLISM, DRUG ADDICTION)",https://profiles.health.ny.gov/hospital/alpha,4/19/2024 12:00:00 AM,IMAGERY/OTHER,4/7/2022 12:00:00 AM,http://www.burke.org/,1046,NOT AVAILABLE,36,NON-PROFIT,-999,1,NOT AVAILABLE,0,-8219314.13115933,4989385.86969841,POINT (-73.83535509 40.84418356),NOT AVAILABLE,0,5,2.003
15622,169610461,NEW YORK CITY CHILDREN'S CENTER - INPATIENT,1300 WATERS PLACE,BRONX,NY,10461,NOT AVAILABLE,(718) 239-3600,PSYCHIATRIC,OPEN,-999,BRONX,36005,USA,40.84659365,-73.8385019899999,622210,PSYCHIATRIC AND SUBSTANCE ABUSE HOSPITALS,https://profiles.health.ny.gov/hospital/alpha,4/19/2024 12:00:00 AM,IMAGERY,4/7/2022 12:00:00 AM,https://www.omh.ny.gov/omhweb/facilities/nyccc/bcpc/,NOT AVAILABLE,NOT AVAILABLE,36,GOVERNMENT - STATE,-999,1,NOT AVAILABLE,0,-8219664.44246491,4989740.52677835,POINT (-73.8385019899999 40.84659365),NOT AVAILABLE,0,5,2.003
15658,18910021,GRACIE SQUARE HOSPITAL,"420 E 76TH ST, 2ND, 3RD, 4TH & 5TH FLOORS",NEW YORK,NY,10021,NOT AVAILABLE,(212) 988-4400,PSYCHIATRIC,OPEN,157,NEW YORK,36061,USA,40.7697165000001,-73.95302135,622210,PSYCHIATRIC AND SUBSTANCE ABUSE HOSPITALS,https://profiles.health.ny.gov/hospital/alpha,4/19/2024 12:00:00 AM,IMAGERY/OTHER,4/7/2022 12:00:00 AM,http://www.nygsh.org,1458,NOT AVAILABLE,36,NON-PROFIT,-999,157,NOT AVAILABLE,0,-8232412.67930609,4978434.00851702,POINT (-73.95302135 40.7697165000001),NOT AVAILABLE,0,7,2.471
15815,171110032,NEW YORK PSYCHIATRIC INSTITUTE,1051 RIVERSIDE DRIVE,NEW YORK,NY,10032,NOT AVAILABLE,NOT AVAILABLE,PSYCHIATRIC,OPEN,21,NEW YORK,36061,USA,40.84240204,-73.94454839,622210,PSYCHIATRIC AND SUBSTANCE ABUSE HOSPITALS,https://profiles.health.ny.gov/hospital/alpha,4/19/2024 12:00:00 AM,IMAGERY,4/7/2022 12:00:00 AM,https://nyspi.org/,NOT AVAILABLE,NOT AVAILABLE,36,GOVERNMENT - STATE,-999,21,NOT AVAILABLE,0,-8231469.47371337,4989123.71820167,POINT (-73.94454839 40.84240204),NOT AVAILABLE,0,5,2.063
15820,169510461,BRONX PSYCHIATRIC CENTER,1500 WATERS PLACE,BRONX,NY,10461,NOT AVAILABLE,(718) 931-0600,PSYCHIATRIC,OPEN,156,BRONX,36005,USA,40.84718852,-73.83985828,622210,PSYCHIATRIC AND SUBSTANCE ABUSE HOSPITALS,https://profiles.health.ny.gov/hospital/alpha,4/19/2024 12:00:00 AM,IMAGERY,4/7/2022 12:00:00 AM,https://www.omh.ny.gov/omhweb/facilities/brpc/,NOT AVAILABLE,NOT AVAILABLE,36,GOVERNMENT - STATE,-999,156,NOT AVAILABLE,0,-8219815.42397708,4989828.06692847,POINT (-73.83985828 40.84718852),NOT AVAILABLE,0,7,2.468
15824,170510035,KIRBY FORENSIC PSYCHIATRIC CENTER,600 EAST 125TH STREET,WARDS ISLAND,NY,10035,NOT AVAILABLE,(646) 672-5800,PSYCHIATRIC,OPEN,218,NEW YORK,36061,USA,40.7900043700001,-73.92912735,622210,PSYCHIATRIC AND SUBSTANCE ABUSE HOSPITALS,https://profiles.health.ny.gov/hospital/alpha,4/19/2024 12:00:00 AM,IMAGERY,4/7/2022 12:00:00 AM,https://www.omh.ny.gov/omhweb/facilities/krpc/,NOT AVAILABLE,NOT AVAILABLE,36,GOVERNMENT - STATE,-999,218,NOT AVAILABLE,0,-8229752.81139307,4981416.5253641,POINT (-73.92912735 40.7900043700001),NOT AVAILABLE,0,10,2.654
15825,170311203,KINGSBORO PSYCHIATRIC CENTER,681 CLARKSON AVE,BROOKLYN,NY,11203,2199,(718) 221-7700,PSYCHIATRIC,OPEN,163,KINGS,36047,USA,40.65648551,-73.9391347499999,622210,PSYCHIATRIC AND SUBSTANCE ABUSE HOSPITALS,https://profiles.health.ny.gov/hospital/alpha,4/19/2024 12:00:00 AM,IMAGERY,4/7/2022 12:00:00 AM,https://www.omh.ny.gov/omhweb/facilities/kbpc/,NOT AVAILABLE,NOT AVAILABLE,36,GOVERNMENT - STATE,-999,163,NOT AVAILABLE,0,-8230866.83006523,4961804.63228998,POINT (-73.9391347499999 40.65648551),NOT AVAILABLE,0,8,2.489
15826,177611426,NEW YORK CITY CHILDREN'S CENTER QUEENS INPATIENT,74-03 COMMONWEALTH BLVD,BELLEROSE,NY,11426,NOT AVAILABLE,(718) 264-4500,PSYCHIATRIC,OPEN,65,QUEENS,36081,USA,40.74553675,-73.72574321,622210,PSYCHIATRIC AND SUBSTANCE ABUSE HOSPITALS,https://profiles.health.ny.gov/hospital/alpha,4/19/2024 12:00:00 AM,IMAGERY,4/7/2022 12:00:00 AM,https://www.omh.ny.gov/omhweb/facilities/nyccc/qcpc/,NOT AVAILABLE,NOT AVAILABLE,36,GOVERNMENT - STATE,-999,65,NOT AVAILABLE,0,-8207112.19249284,4974880.53608498,POINT (-73.72574321 40.74553675),NOT AVAILABLE,0,5,2.195
15829,175910305,SOUTH BEACH PSYCHIATRIC CENTER,777 SEAVIEW AVENUE,STATEN ISLAND,NY,10305,NOT AVAILABLE,(718) 667-2300,PSYCHIATRIC,OPEN,257,RICHMOND,36085,USA,40.5820150500001,-74.0806172699999,622210,PSYCHIATRIC AND SUBSTANCE ABUSE HOSPITALS,https://profiles.health.ny.gov/hospital/alpha,4/19/2024 12:00:00 AM,IMAGERY,4/7/2022 12:00:00 AM,https://www.omh.ny.gov/omhweb/facilities/sbpc/,NOT AVAILABLE,NOT AVAILABLE,36,GOVERNMENT - STATE,-999,257,NOT AVAILABLE,0,-8246616.59214778,4950883.10334162,POINT (-74.0806172699999 40.5820150500001),NOT AVAILABLE,0,12,2.771
15830,171811427,CREEDMOOR PSYCHIATRIC CENTER,79-25 WINCHESTER BLVD,QUEENS VILLAGE,NY,11427,2147,(718) 464-7500,PSYCHIATRIC,OPEN,349,QUEENS,36081,USA,40.74113951,-73.7315253,622210,PSYCHIATRIC AND SUBSTANCE ABUSE HOSPITALS,https://profiles.health.ny.gov/hospital/alpha,4/19/2024 12:00:00 AM,IMAGERY,4/7/2022 12:00:00 AM,https://www.omh.ny.gov/omhweb/facilities/crpc/,NOT AVAILABLE,NOT AVAILABLE,36,GOVERNMENT - STATE,-999,349,NOT AVAILABLE,0,-8207755.85180737,4974234.45357667,POINT (-73.7315253 40.74113951),NOT AVAILABLE,0,17,3.0469999999999997
15950,19010044,COLER-GOLDWATER SPECIALTY HOSPITAL AND NURSING FACILITY - COLER HOSPITAL SITE,900 MAIN STREET ROOSEVELT ISLAND,NEW YORK,NY,10044,NOT AVAILABLE,(212) 848-6000,LONG TERM CARE,CLOSED,210,NEW YORK,36061,USA,40.7703021400001,-73.9421438799999,622310,"EXTENDED CARE HOSPITALS (EXCEPT MENTAL, SUBSTANCE ABUSE)",https://profiles.health.ny.gov/hospital/county_or_region/,8/20/2018 12:00:00 AM,IMAGERY/OTHER,2/10/2014 12:00:00 AM,http://www.nychealthandhospitals.org/coler/,7002051H,NOT AVAILABLE,36,GOVERNMENT - LOCAL,-999,210,NOT AVAILABLE,0,-8231201.80488456,4978520.09060289,POINT (-73.9421438799999 40.7703021400001),NOT AVAILABLE,0,5,2.63
16104,193711040,COHEN CHILDREN'S MEDICAL CENTER,269-01 76TH AVENUE,NEW HYDE PARK,NY,11040,NOT AVAILABLE,(718) 470-3000,CHILDREN,OPEN,202,QUEENS,36081,USA,40.75300509,-73.70845654,622110,"CHILDREN'S HOSPITALS, GENERAL",https://profiles.health.ny.gov/hospital/alpha,4/19/2024 12:00:00 AM,IMAGERY/OTHER,4/7/2022 12:00:00 AM,https://childrenshospital.northwell.edu/,NOT AVAILABLE,NOT AVAILABLE,36,NON-PROFIT,-999,202,LEVEL I PEDIATRIC,0,-8205187.84919093,4975977.95044431,POINT (-73.70845654 40.75300509),NOT AVAILABLE,0,40,2.606
16215,196785323,MOUNT SINAI -  BEHAVIORAL HEALTH CENTER,45 RIVINGTON STREET,NEW YORK,NY,10002,NOT AVAILABLE,NOT AVAILABLE,PSYCHIATRIC,OPEN,115,NEW YORK,36061,USA,40.7206952000001,-73.9911294,622110,GENERAL MEDICAL AND SURGICAL HOSPITALS,https://profiles.health.ny.gov/hospital/alpha,4/19/2024 12:00:00 AM,UNVERIFIED,6/7/2024 12:00:00 AM,NOT AVAILABLE,7002002H,Mount Sinai Beth Israel,36,NON-PROFIT,-999,115,NOT AVAILABLE,0,-8236654.84802721,4971231.15029698,POINT (-73.9911294 40.7206952000001),NOT AVAILABLE,0,5,2.345
16219,196785327,NYU LANGONE HOSPITAL - JOSEPH S. AND DIANE H. STEINBERG AMBULATORY CARE CENTER,70 ATLANTIC AVENUE,BROOKLYN,NY,11201,NOT AVAILABLE,NOT AVAILABLE,GENERAL ACUTE CARE,OPEN,2,KINGS,36047,USA,40.6908987,-73.9975266,622110,GENERAL MEDICAL AND SURGICAL HOSPITALS,https://profiles.health.ny.gov/hospital/alpha,4/19/2024 12:00:00 AM,IMAGERY,5/17/2024 12:00:00 AM,NOT AVAILABLE,7002053H,NYU Langone Hospitals,36,NON-PROFIT,-999,2,NOT AVAILABLE,0,-8237366.98107371,4966855.64606283,POINT (-73.9975266 40.6908987),NOT AVAILABLE,0,5,2.006
16226,196785334,STATEN ISLAND UNIVERSITY HOSPITAL PRINCE'S BAY,375 SEGUINE AVENUE,STATEN ISLAND,NY,10309,NOT AVAILABLE,(718) 226-9515,GENERAL ACUTE CARE,OPEN,194,RICHMOND,36085,USA,40.5167578000001,-74.1963790999999,622110,GENERAL MEDICAL AND SURGICAL HOSPITALS,https://profiles.health.ny.gov/hospital/alpha,4/19/2024 12:00:00 AM,IMAGERY/OTHER,4/7/2024 12:00:00 AM,NOT AVAILABLE,7004003H,Staten Island University Hosp-North,36,NON-PROFIT,-999,194,NOT AVAILABLE,0,-8259503.14011668,4941322.73731824,POINT (-74.1963790999999 40.5167578000001),LEVEL 1,1,37,4.582
16230,196785338,LONG ISLAND JEWISH MEDICAL CENTER,270-05 76TH AVENUE,NEW HYDE PARK,NY,11040,NOT AVAILABLE,(718) 470-7764,GENERAL ACUTE CARE,OPEN,1004,QUEENS,36081,USA,40.7538341000001,-73.7074061,622110,GENERAL MEDICAL AND SURGICAL HOSPITALS,https://profiles.health.ny.gov/hospital/alpha,4/19/2024 12:00:00 AM,IMAGERY/OTHER,5/16/2024 12:00:00 AM,NOT AVAILABLE,7003004H,NOT AVAILABLE,36,NON-PROFIT,-999,1004,NOT AVAILABLE,0,-8205070.91474502,4976099.77460362,POINT (-73.7074061 40.7538341000001),NOT AVAILABLE,0,150,5.0120000000000005
16231,196785339,LENOX HEALTH GREENWICH VILLAGE,30 SEVENTH AVENUE,NEW YORK,NY,10011,NOT AVAILABLE,(516) 465-8018,GENERAL ACUTE CARE,OPEN,2,NEW YORK,36061,USA,40.7378021000001,-74.000909,622110,GENERAL MEDICAL AND SURGICAL HOSPITALS,https://profiles.health.ny.gov/hospital/alpha,4/19/2024 12:00:00 AM,IMAGERY/OTHER,3/7/2024 12:00:00 AM,NOT AVAILABLE,7002017H,Lenox Hill Hospital,36,NON-PROFIT,-999,2,NOT AVAILABLE,0,-8237743.50811937,4973744.11944459,POINT (-74.000909 40.7378021000001),NOT AVAILABLE,0,5,2.006
16234,196785342,LONG ISLAND JEWISH FOREST HILLS,102-01 66TH ROAD,FOREST HILLS,NY,11375,NOT AVAILABLE,(516) 562-4060,GENERAL ACUTE CARE,OPEN,312,QUEENS,36081,USA,40.7290511,-73.8517386,622110,GENERAL MEDICAL AND SURGICAL HOSPITALS,https://profiles.health.ny.gov/hospital/alpha,4/19/2024 12:00:00 AM,IMAGERY/OTHER,4/21/2024 12:00:00 AM,NOT AVAILABLE,7003004H,Long Island Jewish Medical Center,36,NON-PROFIT,-999,312,NOT AVAILABLE,0,-8221137.93514994,4972458.53446362,POINT (-73.8517386 40.7290511),NOT AVAILABLE,0,46,2.936
16239,196785347,STATEN ISLAND UNIVERSITY HOSP-NORTH,475 SEAVIEW AVENUE,STATEN ISLAND,NY,10305,NOT AVAILABLE,(718) 226-9515,GENERAL ACUTE CARE,OPEN,491,RICHMOND,36085,USA,40.5848868,-74.0860039,622110,GENERAL MEDICAL AND SURGICAL HOSPITALS,https://profiles.health.ny.gov/hospital/alpha,4/19/2024 12:00:00 AM,IMAGERY/OTHER,4/7/2024 12:00:00 AM,NOT AVAILABLE,7004003H,NOT AVAILABLE,36,NON-PROFIT,-999,491,NOT AVAILABLE,1,-8247216.22905648,4951304.03672401,POINT (-74.0860039 40.5848868),NOT AVAILABLE,0,73,4.473
16256,196785382,LENOX HILL HOSPITAL,100 EAST 77TH STREET,NEW YORK,NY,10021,NOT AVAILABLE,(212) 434-2000,GENERAL ACUTE CARE,OPEN,632,NEW YORK,36061,USA,40.7737838350001,-73.9609139139999,622110,GENERAL MEDICAL AND SURGICAL HOSPITALS,https://profiles.health.ny.gov/hospital/alpha,4/19/2024 12:00:00 AM,IMAGERY/OTHER,6/5/2024 12:00:00 AM,NOT AVAILABLE,7002017H,NOT AVAILABLE,36,NON-PROFIT,-999,632,NOT AVAILABLE,0,-8233291.27551162,4979031.87385083,POINT (-73.9609139139999 40.7737838350001),NOT AVAILABLE,0,94,3.896
